Word,Occurences
america,3
luff,1
girl,2
odds,1
amos,3
trilogy-inspired,1
series,3
dark,1
calico,1
kaur,1
callen,1
circus,1
ooks,2
michelle,1
efore,2
cells,1
ocean,1
allman,1
life,6
dukan,1
many,1
have,5
musk,1
painting,1
obsession,1
your,8
ntelligent,1
sleep,1
ook</em,1
mercy,1
city,2
keep,1
austin,1
from,16
urban,1
washington,2
estseller,1
liesel's,1
circe,1
lucas,3
achilles,1
please,1
robison,1
shane,1
diet,7
young,4
social,2
alison,1
jane,1
lowe,1
dana,1
house,2
rachel,2
decker,4
rubin,1
dispirito,1
knight,1
amanda,1
york,4
sedaris,1
eating,1
cook,1
favorite,1
harry,3
david,2
mccandless,1
arbarian,1
despite,1
munroe,2
norris,1
about,6
eauty,1
games,2
reacher,2
fool's,1
johnson,1
first,6
hungry,1
shahrzad,1
royal,1
rape,1
liberal,1
wade,1
atticus,1
maze,1
tales,1
change,2
hunger,3
katniss,1
osage,1
middle,1
hamilton,1
story,4
road,1
jerusalem,1
alaska,2
rill,1
ennett,1
children,5
most,4
shipwrecked,1
leopard,1
sarah,1
mortenson's,1
will,3
skeeter,1
takes,1
years,2
chiquis,1
richardson,1
company-supplied,1
livingstone,1
american,2
ghoul:,1
parents,1
just,2
lego,2
redstone,1
ehavior,1
saria,1
federation,1
yato,1
tarahumara,1
humor,12
walking,1
ever,1
love,3
cotton,1
anime,1
tail,1
case,2
money,2
keaton,1
some,1
construction,1
clifton,1
sherryl,1
fancy,1
dinner,1
financial,2
